user_id,displayName,fullName,firstName,lastName,email,age,contactList,instagramUsername
TESTPROFILE1,TestDisplayNameE1,TestFullNameE1,FirstNameE1,LastNameE1,testuserE1@example.com,36,[],jy.fanclub
TESTPROFILE2,TestDisplayNameE2,TestFullNameE2,FirstNameE2,LastNameE2,testuserE2@example.com,56,[],douglas.moulton947
TESTPROFILE3,TestDisplayNameE3,TestFullNameE3,FirstNameE3,LastNameE3,testuserE3@example.com,31,[],moose__joose
TESTPROFILE4,TestDisplayNameE4,TestFullNameE4,FirstNameE4,LastNameE4,testuserE4@example.com,56,[],dan_spams19
TESTPROFILE5,TestDisplayNameE5,TestFullNameE5,FirstNameE5,LastNameE5,testuserE5@example.com,52,[],jchen56
TESTPROFILE6,TestDisplayNameE6,TestFullNameE6,FirstNameE6,LastNameE6,testuserE6@example.com,21,[],_jasmineclough_
TESTPROFILE7,TestDisplayNameE7,TestFullNameE7,FirstNameE7,LastNameE7,testuserE7@example.com,23,[],zorayang22
TESTPROFILE8,TestDisplayNameE8,TestFullNameE8,FirstNameE8,LastNameE8,testuserE8@example.com,39,[],ruby.lu._
TESTPROFILE9,TestDisplayNameE9,TestFullNameE9,FirstNameE9,LastNameE9,testuserE9@example.com,31,[],_averyokes
TESTPROFILE10,TestDisplayName10,TestFullName10,FirstName10,LastName10,testuser10@example.com,38,[],maxwell.chiao
TESTPROFILE11,TestDisplayName11,TestFullName11,FirstName11,LastName11,testuser11@example.com,18,[],preethaa.k
TESTPROFILE12,TestDisplayName12,TestFullName12,FirstName12,LastName12,testuser12@example.com,19,[],matthewhuang12
TESTPROFILE13,TestDisplayName13,TestFullName13,FirstName13,LastName13,testuser13@example.com,34,[],douglas.moulton947
TESTPROFILE14,TestDisplayName14,TestFullName14,FirstName14,LastName14,testuser14@example.com,29,[],sara__0088__
TESTPROFILE15,TestDisplayName15,TestFullName15,FirstName15,LastName15,testuser15@example.com,41,[],josh.wu1
TESTPROFILE16,TestDisplayName16,TestFullName16,FirstName16,LastName16,testuser16@example.com,32,[],jordanjburnett
TESTPROFILE17,TestDisplayName17,TestFullName17,FirstName17,LastName17,testuser17@example.com,31,[],darrenmurdoch88
TESTPROFILE18,TestDisplayName18,TestFullName18,FirstName18,LastName18,testuser18@example.com,46,[],ananya_m46
TESTPROFILE19,TestDisplayName19,TestFullName19,FirstName19,LastName19,testuser19@example.com,22,[],dylannjee
TESTPROFILE20,TestDisplayName20,TestFullName20,FirstName20,LastName20,testuser20@example.com,28,[],dominic.tulpan
